plan_id,participant_id,money_type_code,period,amount,payroll_date
PLN-SEED-01,P0001,PRETAX,2026-05,2286.68,2026-05-15
PLN-SEED-01,P0001,MATCH,2026-05,4250.98,2026-05-15
PLN-SEED-01,P0001,PRETAX,2026-06,1530.67,2026-06-15
PLN-SEED-01,P0001,MATCH,2026-06,1676.06,2026-06-15
PLN-SEED-01,P0002,PRETAX,2026-05,1358.61,2026-05-15
PLN-SEED-01,P0002,MATCH,2026-05,3689.37,2026-05-15
PLN-SEED-01,P0002,PRETAX,2026-06,4526.30,2026-06-15
PLN-SEED-01,P0002,MATCH,2026-06,200.00,2026-06-15
PLN-SEED-01,P0003,PRETAX,2026-05,3879.02,2026-05-15
PLN-SEED-01,P0003,MATCH,2026-05,888.88,2026-05-15
PLN-SEED-01,P0003,PRETAX,2026-06,1847.93,2026-06-15
PLN-SEED-01,P0003,MATCH,2026-06,1609.84,2026-06-15
PLN-SEED-01,P0004,PRETAX,2026-05,2252.21,2026-05-15
PLN-SEED-01,P0004,MATCH,2026-05,801.80,2026-05-15
PLN-SEED-01,P0004,PRETAX,2026-06,4125.49,2026-06-15
PLN-SEED-01,P0004,MATCH,2026-06,1163.03,2026-06-15
PLN-SEED-01,P0005,PRETAX,2026-05,366.37,2026-05-15
PLN-SEED-01,P0005,MATCH,2026-05,600.88,2026-05-15
PLN-SEED-01,P0005,PRETAX,2026-06,3530.06,2026-06-15
PLN-SEED-01,P0005,MATCH,2026-06,1832.52,2026-06-15
PLN-SEED-01,P0006,PRETAX,2026-05,1067.73,2026-05-15
PLN-SEED-01,P0006,MATCH,2026-05,2204.09,2026-05-15
PLN-SEED-01,P0006,PRETAX,2026-06,1981.01,2026-06-15
PLN-SEED-01,P0006,MATCH,2026-06,95.12,2026-06-15
PLN-SEED-01,P0007,PRETAX,2026-05,3496.77,2026-05-15
PLN-SEED-01,P0007,MATCH,2026-05,4148.70,2026-05-15
PLN-SEED-01,P0007,PRETAX,2026-06,2111.32,2026-06-15
PLN-SEED-01,P0007,MATCH,2026-06,3237.52,2026-06-15
PLN-SEED-01,P0008,PRETAX,2026-05,4718.46,2026-05-15
PLN-SEED-01,P0008,MATCH,2026-05,3581.90,2026-05-15
PLN-SEED-01,P0008,PRETAX,2026-06,659.00,2026-06-15
PLN-SEED-01,P0008,MATCH,2026-06,2720.45,2026-06-15
PLN-SEED-01,P0009,PRETAX,2026-05,542.07,2026-05-15
PLN-SEED-01,P0009,MATCH,2026-05,2885.57,2026-05-15
PLN-SEED-01,P0009,PRETAX,2026-06,3415.04,2026-06-15
PLN-SEED-01,P0009,MATCH,2026-06,3140.98,2026-06-15
PLN-SEED-01,P0011,PRETAX,2026-05,3780.47,2026-05-15
PLN-SEED-01,P0011,MATCH,2026-05,2930.08,2026-05-15
PLN-SEED-01,P0011,PRETAX,2026-06,4279.10,2026-06-15
PLN-SEED-01,P0011,MATCH,2026-06,3930.05,2026-06-15
PLN-SEED-01,P0012,PRETAX,2026-05,2830.26,2026-05-15
PLN-SEED-01,P0012,MATCH,2026-05,950.60,2026-05-15
PLN-SEED-01,P0012,PRETAX,2026-06,3583.91,2026-06-15
PLN-SEED-01,P0012,MATCH,2026-06,4083.30,2026-06-15
PLN-SEED-01,P0013,PRETAX,2026-05,527.24,2026-05-15
PLN-SEED-01,P0013,MATCH,2026-05,993.29,2026-05-15
PLN-SEED-01,P0013,PRETAX,2026-06,4534.11,2026-06-15
PLN-SEED-01,P0013,MATCH,2026-06,3132.80,2026-06-15
PLN-SEED-01,P0014,PRETAX,2026-05,4512.56,2026-05-15
PLN-SEED-01,P0014,MATCH,2026-05,1968.25,2026-05-15
PLN-SEED-01,P0014,PRETAX,2026-06,3066.68,2026-06-15
PLN-SEED-01,P0014,MATCH,2026-06,1514.53,2026-06-15
PLN-SEED-01,P0015,PRETAX,2026-05,2297.65,2026-05-15
PLN-SEED-01,P0015,MATCH,2026-05,635.04,2026-05-15
PLN-SEED-01,P0015,PRETAX,2026-06,3328.66,2026-06-15
PLN-SEED-01,P0015,MATCH,2026-06,4727.45,2026-06-15
PLN-SEED-01,P0016,PRETAX,2026-05,4956.46,2026-05-15
PLN-SEED-01,P0016,MATCH,2026-05,967.98,2026-05-15
PLN-SEED-01,P0016,PRETAX,2026-06,3873.02,2026-06-15
PLN-SEED-01,P0016,MATCH,2026-06,3475.25,2026-06-15
PLN-SEED-01,P0017,PRETAX,2026-05,3330.17,2026-05-15
PLN-SEED-01,P0017,MATCH,2026-05,4255.75,2026-05-15
PLN-SEED-01,P0017,PRETAX,2026-06,557.48,2026-06-15
PLN-SEED-01,P0017,MATCH,2026-06,1082.25,2026-06-15
PLN-SEED-01,P0018,PRETAX,2026-05,4012.54,2026-05-15
PLN-SEED-01,P0018,MATCH,2026-05,1935.13,2026-05-15
PLN-SEED-01,P0018,PRETAX,2026-06,4132.23,2026-06-15
PLN-SEED-01,P0018,MATCH,2026-06,1469.65,2026-06-15
PLN-SEED-01,P0019,PRETAX,2026-05,4882.40,2026-05-15
PLN-SEED-01,P0019,MATCH,2026-05,4568.28,2026-05-15
PLN-SEED-01,P0019,PRETAX,2026-06,4107.93,2026-06-15
PLN-SEED-01,P0019,MATCH,2026-06,3799.76,2026-06-15
PLN-SEED-01,P0021,PRETAX,2026-05,3653.15,2026-05-15
PLN-SEED-01,P0021,MATCH,2026-05,99.69,2026-05-15
PLN-SEED-01,P0021,PRETAX,2026-06,3285.19,2026-06-15
PLN-SEED-01,P0021,MATCH,2026-06,454.71,2026-06-15
PLN-SEED-01,P0022,PRETAX,2026-05,2777.64,2026-05-15
PLN-SEED-01,P0022,MATCH,2026-05,1077.39,2026-05-15
PLN-SEED-01,P0022,PRETAX,2026-06,2235.57,2026-06-15
PLN-SEED-01,P0022,MATCH,2026-06,786.58,2026-06-15
PLN-SEED-01,P0023,PRETAX,2026-05,1731.47,2026-05-15
PLN-SEED-01,P0023,MATCH,2026-05,2014.81,2026-05-15
PLN-SEED-01,P0023,PRETAX,2026-06,1048.59,2026-06-15
PLN-SEED-01,P0023,MATCH,2026-06,1189.57,2026-06-15
PLN-SEED-01,P0024,PRETAX,2026-05,1282.13,2026-05-15
PLN-SEED-01,P0024,MATCH,2026-05,4011.98,2026-05-15
PLN-SEED-01,P0024,PRETAX,2026-06,1416.46,2026-06-15
PLN-SEED-01,P0024,MATCH,2026-06,3096.15,2026-06-15
PLN-SEED-01,P0026,PRETAX,2026-05,2436.16,2026-05-15
PLN-SEED-01,P0026,MATCH,2026-05,4916.42,2026-05-15
PLN-SEED-01,P0026,PRETAX,2026-06,2509.63,2026-06-15
PLN-SEED-01,P0026,MATCH,2026-06,2792.23,2026-06-15
PLN-SEED-01,P0027,PRETAX,2026-05,2008.38,2026-05-15
PLN-SEED-01,P0027,MATCH,2026-05,3956.99,2026-05-15
PLN-SEED-01,P0027,PRETAX,2026-06,3401.37,2026-06-15
PLN-SEED-01,P0027,MATCH,2026-06,2850.02,2026-06-15
PLN-SEED-01,P0028,PRETAX,2026-05,4825.47,2026-05-15
PLN-SEED-01,P0028,MATCH,2026-05,4845.18,2026-05-15
PLN-SEED-01,P0028,PRETAX,2026-06,2169.57,2026-06-15
PLN-SEED-01,P0028,MATCH,2026-06,1891.59,2026-06-15
PLN-SEED-01,P0029,PRETAX,2026-05,3609.56,2026-05-15
PLN-SEED-01,P0029,MATCH,2026-05,4916.35,2026-05-15
PLN-SEED-01,P0029,PRETAX,2026-06,1761.99,2026-06-15
PLN-SEED-01,P0029,MATCH,2026-06,4583.58,2026-06-15
PLN-SEED-01,P0031,PRETAX,2026-05,137.01,2026-05-15
PLN-SEED-01,P0031,MATCH,2026-05,2600.82,2026-05-15
PLN-SEED-01,P0031,PRETAX,2026-06,1828.11,2026-06-15
PLN-SEED-01,P0031,MATCH,2026-06,4670.75,2026-06-15
PLN-SEED-01,P0032,PRETAX,2026-05,3624.69,2026-05-15
PLN-SEED-01,P0032,MATCH,2026-05,3056.69,2026-05-15
PLN-SEED-01,P0032,PRETAX,2026-06,4224.28,2026-06-15
PLN-SEED-01,P0032,MATCH,2026-06,1925.65,2026-06-15
PLN-SEED-01,P0033,PRETAX,2026-05,2625.39,2026-05-15
PLN-SEED-01,P0033,MATCH,2026-05,4111.44,2026-05-15
PLN-SEED-01,P0033,PRETAX,2026-06,4983.67,2026-06-15
PLN-SEED-01,P0033,MATCH,2026-06,4276.79,2026-06-15
PLN-SEED-01,P0034,PRETAX,2026-05,1565.25,2026-05-15
PLN-SEED-01,P0034,MATCH,2026-05,3962.35,2026-05-15
PLN-SEED-01,P0034,PRETAX,2026-06,3763.09,2026-06-15
PLN-SEED-01,P0034,MATCH,2026-06,1244.98,2026-06-15
PLN-SEED-01,P0035,PRETAX,2026-05,570.16,2026-05-15
PLN-SEED-01,P0035,MATCH,2026-05,2278.89,2026-05-15
PLN-SEED-01,P0035,PRETAX,2026-06,1199.16,2026-06-15
PLN-SEED-01,P0035,MATCH,2026-06,4915.49,2026-06-15
PLN-SEED-01,P0036,PRETAX,2026-05,2646.42,2026-05-15
PLN-SEED-01,P0036,MATCH,2026-05,1785.18,2026-05-15
PLN-SEED-01,P0036,PRETAX,2026-06,1734.98,2026-06-15
PLN-SEED-01,P0036,MATCH,2026-06,2619.34,2026-06-15
PLN-SEED-01,P0037,PRETAX,2026-05,3441.42,2026-05-15
PLN-SEED-01,P0037,MATCH,2026-05,61.43,2026-05-15
PLN-SEED-01,P0037,PRETAX,2026-06,1288.53,2026-06-15
PLN-SEED-01,P0037,MATCH,2026-06,2035.95,2026-06-15
PLN-SEED-01,P0038,PRETAX,2026-05,2696.08,2026-05-15
PLN-SEED-01,P0038,MATCH,2026-05,1023.82,2026-05-15
PLN-SEED-01,P0038,PRETAX,2026-06,2856.61,2026-06-15
PLN-SEED-01,P0038,MATCH,2026-06,3877.72,2026-06-15
PLN-SEED-01,P0039,PRETAX,2026-05,3029.72,2026-05-15
PLN-SEED-01,P0039,MATCH,2026-05,422.34,2026-05-15
PLN-SEED-01,P0039,PRETAX,2026-06,2008.80,2026-06-15
PLN-SEED-01,P0039,MATCH,2026-06,1647.76,2026-06-15
PLN-SEED-01,P0041,PRETAX,2026-05,2583.83,2026-05-15
PLN-SEED-01,P0041,MATCH,2026-05,2129.77,2026-05-15
PLN-SEED-01,P0041,PRETAX,2026-06,4482.55,2026-06-15
PLN-SEED-01,P0041,MATCH,2026-06,4561.17,2026-06-15
PLN-SEED-01,P0042,PRETAX,2026-05,2479.62,2026-05-15
PLN-SEED-01,P0042,MATCH,2026-05,708.69,2026-05-15
PLN-SEED-01,P0042,PRETAX,2026-06,2758.02,2026-06-15
PLN-SEED-01,P0042,MATCH,2026-06,2776.63,2026-06-15
PLN-SEED-01,P0043,PRETAX,2026-05,3788.77,2026-05-15
PLN-SEED-01,P0043,MATCH,2026-05,2378.20,2026-05-15
PLN-SEED-01,P0043,PRETAX,2026-06,3510.49,2026-06-15
PLN-SEED-01,P0043,MATCH,2026-06,3885.55,2026-06-15
PLN-SEED-01,P0044,PRETAX,2026-05,818.08,2026-05-15
PLN-SEED-01,P0044,MATCH,2026-05,1581.80,2026-05-15
PLN-SEED-01,P0044,PRETAX,2026-06,1307.76,2026-06-15
PLN-SEED-01,P0044,MATCH,2026-06,1950.33,2026-06-15
PLN-SEED-01,P0045,PRETAX,2026-05,3044.39,2026-05-15
PLN-SEED-01,P0045,MATCH,2026-05,1791.73,2026-05-15
PLN-SEED-01,P0045,PRETAX,2026-06,3790.43,2026-06-15
PLN-SEED-01,P0045,MATCH,2026-06,4139.69,2026-06-15
PLN-SEED-01,P0046,PRETAX,2026-05,1333.91,2026-05-15
PLN-SEED-01,P0046,MATCH,2026-05,1845.87,2026-05-15
PLN-SEED-01,P0046,PRETAX,2026-06,660.81,2026-06-15
PLN-SEED-01,P0046,MATCH,2026-06,4902.22,2026-06-15
PLN-SEED-01,P0047,PRETAX,2026-05,2593.99,2026-05-15
PLN-SEED-01,P0047,MATCH,2026-05,4969.08,2026-05-15
PLN-SEED-01,P0047,PRETAX,2026-06,753.91,2026-06-15
PLN-SEED-01,P0047,MATCH,2026-06,2418.57,2026-06-15
PLN-SEED-01,P0048,PRETAX,2026-05,4430.54,2026-05-15
PLN-SEED-01,P0048,MATCH,2026-05,4138.43,2026-05-15
PLN-SEED-01,P0048,PRETAX,2026-06,3818.65,2026-06-15
PLN-SEED-01,P0048,MATCH,2026-06,1426.27,2026-06-15
PLN-SEED-01,P0049,PRETAX,2026-05,4197.08,2026-05-15
PLN-SEED-01,P0049,MATCH,2026-05,1409.37,2026-05-15
PLN-SEED-01,P0049,PRETAX,2026-06,1215.67,2026-06-15
PLN-SEED-01,P0049,MATCH,2026-06,2813.03,2026-06-15
PLN-SEED-01,P0051,PRETAX,2026-05,2455.80,2026-05-15
PLN-SEED-01,P0051,MATCH,2026-05,4462.22,2026-05-15
PLN-SEED-01,P0051,PRETAX,2026-06,2307.40,2026-06-15
PLN-SEED-01,P0051,MATCH,2026-06,4689.14,2026-06-15
PLN-SEED-01,P0052,PRETAX,2026-05,3146.24,2026-05-15
PLN-SEED-01,P0052,MATCH,2026-05,4675.34,2026-05-15
PLN-SEED-01,P0052,PRETAX,2026-06,1160.59,2026-06-15
PLN-SEED-01,P0052,MATCH,2026-06,4941.18,2026-06-15
PLN-SEED-01,P0053,PRETAX,2026-05,2568.47,2026-05-15
PLN-SEED-01,P0053,MATCH,2026-05,2188.88,2026-05-15
PLN-SEED-01,P0053,PRETAX,2026-06,3066.68,2026-06-15
PLN-SEED-01,P0053,MATCH,2026-06,1106.86,2026-06-15
PLN-SEED-01,P0054,PRETAX,2026-05,2663.37,2026-05-15
PLN-SEED-01,P0054,MATCH,2026-05,284.23,2026-05-15
PLN-SEED-01,P0054,PRETAX,2026-06,909.13,2026-06-15
PLN-SEED-01,P0054,MATCH,2026-06,1109.36,2026-06-15
PLN-SEED-01,P0055,PRETAX,2026-05,2319.96,2026-05-15
PLN-SEED-01,P0055,MATCH,2026-05,1526.16,2026-05-15
PLN-SEED-01,P0055,PRETAX,2026-06,1282.44,2026-06-15
PLN-SEED-01,P0055,MATCH,2026-06,3929.27,2026-06-15
PLN-SEED-01,P0056,PRETAX,2026-05,1812.38,2026-05-15
PLN-SEED-01,P0056,MATCH,2026-05,4732.79,2026-05-15
PLN-SEED-01,P0056,PRETAX,2026-06,830.52,2026-06-15
PLN-SEED-01,P0056,MATCH,2026-06,4352.12,2026-06-15
PLN-SEED-01,P0057,PRETAX,2026-05,1690.55,2026-05-15
PLN-SEED-01,P0057,MATCH,2026-05,3665.24,2026-05-15
PLN-SEED-01,P0057,PRETAX,2026-06,3551.23,2026-06-15
PLN-SEED-01,P0057,MATCH,2026-06,1471.64,2026-06-15
PLN-SEED-01,P0058,PRETAX,2026-05,584.03,2026-05-15
PLN-SEED-01,P0058,MATCH,2026-05,2917.64,2026-05-15
PLN-SEED-01,P0058,PRETAX,2026-06,3444.43,2026-06-15
PLN-SEED-01,P0058,MATCH,2026-06,2494.91,2026-06-15
PLN-SEED-01,P0059,PRETAX,2026-05,2791.76,2026-05-15
PLN-SEED-01,P0059,MATCH,2026-05,4461.07,2026-05-15
PLN-SEED-01,P0059,PRETAX,2026-06,3757.26,2026-06-15
PLN-SEED-01,P0059,MATCH,2026-06,4638.99,2026-06-15
PLN-SEED-01,P0061,PRETAX,2026-05,4346.87,2026-05-15
PLN-SEED-01,P0061,MATCH,2026-05,1673.52,2026-05-15
PLN-SEED-01,P0061,PRETAX,2026-06,2349.93,2026-06-15
PLN-SEED-01,P0061,MATCH,2026-06,1236.33,2026-06-15
PLN-SEED-01,P0062,PRETAX,2026-05,3165.59,2026-05-15
PLN-SEED-01,P0062,MATCH,2026-05,1456.25,2026-05-15
PLN-SEED-01,P0062,PRETAX,2026-06,4919.44,2026-06-15
PLN-SEED-01,P0062,MATCH,2026-06,788.58,2026-06-15
PLN-SEED-01,P0063,PRETAX,2026-05,952.17,2026-05-15
PLN-SEED-01,P0063,MATCH,2026-05,240.44,2026-05-15
PLN-SEED-01,P0063,PRETAX,2026-06,734.43,2026-06-15
PLN-SEED-01,P0063,MATCH,2026-06,1001.61,2026-06-15
PLN-SEED-01,P0064,PRETAX,2026-05,3726.40,2026-05-15
PLN-SEED-01,P0064,MATCH,2026-05,4883.26,2026-05-15
PLN-SEED-01,P0064,PRETAX,2026-06,4412.50,2026-06-15
PLN-SEED-01,P0064,MATCH,2026-06,2848.77,2026-06-15
PLN-SEED-01,P0065,PRETAX,2026-05,2207.02,2026-05-15
PLN-SEED-01,P0065,MATCH,2026-05,2659.26,2026-05-15
PLN-SEED-01,P0065,PRETAX,2026-06,802.13,2026-06-15
PLN-SEED-01,P0065,MATCH,2026-06,1001.57,2026-06-15
PLN-SEED-01,P0066,PRETAX,2026-05,1503.80,2026-05-15
PLN-SEED-01,P0066,MATCH,2026-05,2928.01,2026-05-15
PLN-SEED-01,P0066,PRETAX,2026-06,456.30,2026-06-15
PLN-SEED-01,P0066,MATCH,2026-06,3588.76,2026-06-15
PLN-SEED-01,P0067,PRETAX,2026-05,415.86,2026-05-15
PLN-SEED-01,P0067,MATCH,2026-05,1870.97,2026-05-15
PLN-SEED-01,P0067,PRETAX,2026-06,1762.66,2026-06-15
PLN-SEED-01,P0067,MATCH,2026-06,4103.92,2026-06-15
PLN-SEED-01,P0068,PRETAX,2026-05,2809.57,2026-05-15
PLN-SEED-01,P0068,MATCH,2026-05,2985.90,2026-05-15
PLN-SEED-01,P0068,PRETAX,2026-06,2000.51,2026-06-15
PLN-SEED-01,P0068,MATCH,2026-06,1241.17,2026-06-15
PLN-SEED-01,P0069,PRETAX,2026-05,1041.52,2026-05-15
PLN-SEED-01,P0069,MATCH,2026-05,524.91,2026-05-15
PLN-SEED-01,P0069,PRETAX,2026-06,3568.99,2026-06-15
PLN-SEED-01,P0069,MATCH,2026-06,3954.05,2026-06-15
PLN-SEED-01,P0071,PRETAX,2026-05,2877.05,2026-05-15
PLN-SEED-01,P0071,MATCH,2026-05,2891.03,2026-05-15
PLN-SEED-01,P0071,PRETAX,2026-06,2330.09,2026-06-15
PLN-SEED-01,P0071,MATCH,2026-06,2848.18,2026-06-15
PLN-SEED-01,P0072,PRETAX,2026-05,4878.83,2026-05-15
PLN-SEED-01,P0072,MATCH,2026-05,1849.02,2026-05-15
PLN-SEED-01,P0072,PRETAX,2026-06,1978.23,2026-06-15
PLN-SEED-01,P0072,MATCH,2026-06,622.38,2026-06-15
PLN-SEED-01,P0073,PRETAX,2026-05,2301.69,2026-05-15
PLN-SEED-01,P0073,MATCH,2026-05,3611.92,2026-05-15
PLN-SEED-01,P0073,PRETAX,2026-06,3066.32,2026-06-15
PLN-SEED-01,P0073,MATCH,2026-06,1786.63,2026-06-15
PLN-SEED-01,P0074,PRETAX,2026-05,352.33,2026-05-15
PLN-SEED-01,P0074,MATCH,2026-05,608.93,2026-05-15
PLN-SEED-01,P0074,PRETAX,2026-06,1426.68,2026-06-15
PLN-SEED-01,P0074,MATCH,2026-06,3562.71,2026-06-15
PLN-SEED-01,P0076,PRETAX,2026-05,4097.16,2026-05-15
PLN-SEED-01,P0076,MATCH,2026-05,2511.29,2026-05-15
PLN-SEED-01,P0076,PRETAX,2026-06,2941.93,2026-06-15
PLN-SEED-01,P0076,MATCH,2026-06,276.73,2026-06-15
PLN-SEED-01,P0077,PRETAX,2026-05,2389.17,2026-05-15
PLN-SEED-01,P0077,MATCH,2026-05,2726.20,2026-05-15
PLN-SEED-01,P0077,PRETAX,2026-06,1071.51,2026-06-15
PLN-SEED-01,P0077,MATCH,2026-06,2723.90,2026-06-15
PLN-SEED-01,P0078,PRETAX,2026-05,3215.77,2026-05-15
PLN-SEED-01,P0078,MATCH,2026-05,4594.49,2026-05-15
PLN-SEED-01,P0078,PRETAX,2026-06,3053.78,2026-06-15
PLN-SEED-01,P0078,MATCH,2026-06,295.35,2026-06-15
PLN-SEED-01,P0079,PRETAX,2026-05,4277.98,2026-05-15
PLN-SEED-01,P0079,MATCH,2026-05,3107.21,2026-05-15
PLN-SEED-01,P0079,PRETAX,2026-06,2152.47,2026-06-15
PLN-SEED-01,P0079,MATCH,2026-06,627.65,2026-06-15
PLN-SEED-01,P0081,PRETAX,2026-05,1108.52,2026-05-15
PLN-SEED-01,P0081,MATCH,2026-05,1842.84,2026-05-15
PLN-SEED-01,P0081,PRETAX,2026-06,4215.72,2026-06-15
PLN-SEED-01,P0081,MATCH,2026-06,2079.02,2026-06-15
PLN-SEED-01,P0082,PRETAX,2026-05,396.29,2026-05-15
PLN-SEED-01,P0082,MATCH,2026-05,4594.18,2026-05-15
PLN-SEED-01,P0082,PRETAX,2026-06,859.99,2026-06-15
PLN-SEED-01,P0082,MATCH,2026-06,828.83,2026-06-15
PLN-SEED-01,P0083,PRETAX,2026-05,2979.44,2026-05-15
PLN-SEED-01,P0083,MATCH,2026-05,2594.38,2026-05-15
PLN-SEED-01,P0083,PRETAX,2026-06,2131.39,2026-06-15
PLN-SEED-01,P0083,MATCH,2026-06,2832.14,2026-06-15
PLN-SEED-01,P0084,PRETAX,2026-05,888.95,2026-05-15
PLN-SEED-01,P0084,MATCH,2026-05,1587.52,2026-05-15
PLN-SEED-01,P0084,PRETAX,2026-06,131.28,2026-06-15
PLN-SEED-01,P0084,MATCH,2026-06,3150.90,2026-06-15
PLN-SEED-01,P0085,PRETAX,2026-05,4743.57,2026-05-15
PLN-SEED-01,P0085,MATCH,2026-05,2255.66,2026-05-15
PLN-SEED-01,P0085,PRETAX,2026-06,769.12,2026-06-15
PLN-SEED-01,P0085,MATCH,2026-06,2723.19,2026-06-15
PLN-SEED-01,P0086,PRETAX,2026-05,2259.50,2026-05-15
PLN-SEED-01,P0086,MATCH,2026-05,3743.24,2026-05-15
PLN-SEED-01,P0086,PRETAX,2026-06,3121.31,2026-06-15
PLN-SEED-01,P0086,MATCH,2026-06,887.50,2026-06-15
PLN-SEED-01,P0087,PRETAX,2026-05,4076.98,2026-05-15
PLN-SEED-01,P0087,MATCH,2026-05,1718.87,2026-05-15
PLN-SEED-01,P0087,PRETAX,2026-06,3606.31,2026-06-15
PLN-SEED-01,P0087,MATCH,2026-06,4964.23,2026-06-15
PLN-SEED-01,P0088,PRETAX,2026-05,4371.95,2026-05-15
PLN-SEED-01,P0088,MATCH,2026-05,2504.33,2026-05-15
PLN-SEED-01,P0088,PRETAX,2026-06,4528.37,2026-06-15
PLN-SEED-01,P0088,MATCH,2026-06,272.20,2026-06-15
PLN-SEED-01,P0089,PRETAX,2026-05,3724.28,2026-05-15
PLN-SEED-01,P0089,MATCH,2026-05,3457.48,2026-05-15
PLN-SEED-01,P0089,PRETAX,2026-06,3712.75,2026-06-15
PLN-SEED-01,P0089,MATCH,2026-06,468.53,2026-06-15
PLN-SEED-01,P0091,PRETAX,2026-05,4763.78,2026-05-15
PLN-SEED-01,P0091,MATCH,2026-05,3168.69,2026-05-15
PLN-SEED-01,P0091,PRETAX,2026-06,4605.06,2026-06-15
PLN-SEED-01,P0091,MATCH,2026-06,4048.73,2026-06-15
PLN-SEED-01,P0092,PRETAX,2026-05,1220.18,2026-05-15
PLN-SEED-01,P0092,MATCH,2026-05,2992.47,2026-05-15
PLN-SEED-01,P0092,PRETAX,2026-06,4565.67,2026-06-15
PLN-SEED-01,P0092,MATCH,2026-06,4009.85,2026-06-15
PLN-SEED-01,P0093,PRETAX,2026-05,4594.15,2026-05-15
PLN-SEED-01,P0093,MATCH,2026-05,1372.68,2026-05-15
PLN-SEED-01,P0093,PRETAX,2026-06,1847.14,2026-06-15
PLN-SEED-01,P0093,MATCH,2026-06,134.12,2026-06-15
PLN-SEED-01,P0094,PRETAX,2026-05,1083.44,2026-05-15
PLN-SEED-01,P0094,MATCH,2026-05,1335.50,2026-05-15
PLN-SEED-01,P0094,PRETAX,2026-06,1417.77,2026-06-15
PLN-SEED-01,P0094,MATCH,2026-06,503.74,2026-06-15
PLN-SEED-01,P0095,PRETAX,2026-05,4602.70,2026-05-15
PLN-SEED-01,P0095,MATCH,2026-05,530.54,2026-05-15
PLN-SEED-01,P0095,PRETAX,2026-06,4656.07,2026-06-15
PLN-SEED-01,P0095,MATCH,2026-06,4962.88,2026-06-15
PLN-SEED-01,P0096,PRETAX,2026-05,964.37,2026-05-15
PLN-SEED-01,P0096,MATCH,2026-05,4377.82,2026-05-15
PLN-SEED-01,P0096,PRETAX,2026-06,1018.21,2026-06-15
PLN-SEED-01,P0096,MATCH,2026-06,2475.02,2026-06-15
PLN-SEED-01,P0097,PRETAX,2026-05,3058.62,2026-05-15
PLN-SEED-01,P0097,MATCH,2026-05,4167.94,2026-05-15
PLN-SEED-01,P0097,PRETAX,2026-06,2067.18,2026-06-15
PLN-SEED-01,P0097,MATCH,2026-06,648.44,2026-06-15
PLN-SEED-01,P0098,PRETAX,2026-05,4311.69,2026-05-15
PLN-SEED-01,P0098,MATCH,2026-05,1325.55,2026-05-15
PLN-SEED-01,P0098,PRETAX,2026-06,4731.23,2026-06-15
PLN-SEED-01,P0098,MATCH,2026-06,1022.55,2026-06-15
PLN-SEED-01,P0099,PRETAX,2026-05,412.27,2026-05-15
PLN-SEED-01,P0099,MATCH,2026-05,800.85,2026-05-15
PLN-SEED-01,P0099,PRETAX,2026-06,4893.45,2026-06-15
PLN-SEED-01,P0099,MATCH,2026-06,657.57,2026-06-15
PLN-SEED-01,P0101,PRETAX,2026-05,653.40,2026-05-15
PLN-SEED-01,P0101,MATCH,2026-05,419.52,2026-05-15
PLN-SEED-01,P0101,PRETAX,2026-06,1893.27,2026-06-15
PLN-SEED-01,P0101,MATCH,2026-06,4982.85,2026-06-15
PLN-SEED-01,P0102,PRETAX,2026-05,2046.46,2026-05-15
PLN-SEED-01,P0102,MATCH,2026-05,385.23,2026-05-15
PLN-SEED-01,P0102,PRETAX,2026-06,391.08,2026-06-15
PLN-SEED-01,P0102,MATCH,2026-06,4636.40,2026-06-15
PLN-SEED-01,P0103,PRETAX,2026-05,3050.11,2026-05-15
PLN-SEED-01,P0103,MATCH,2026-05,3250.75,2026-05-15
PLN-SEED-01,P0103,PRETAX,2026-06,2170.14,2026-06-15
PLN-SEED-01,P0103,MATCH,2026-06,4199.36,2026-06-15
PLN-SEED-01,P0104,PRETAX,2026-05,1406.77,2026-05-15
PLN-SEED-01,P0104,MATCH,2026-05,4625.38,2026-05-15
PLN-SEED-01,P0104,PRETAX,2026-06,704.03,2026-06-15
PLN-SEED-01,P0104,MATCH,2026-06,3935.53,2026-06-15
PLN-SEED-01,P0105,PRETAX,2026-05,307.88,2026-05-15
PLN-SEED-01,P0105,MATCH,2026-05,2433.83,2026-05-15
PLN-SEED-01,P0105,PRETAX,2026-06,810.45,2026-06-15
PLN-SEED-01,P0105,MATCH,2026-06,3024.94,2026-06-15
PLN-SEED-01,P0106,PRETAX,2026-05,4731.46,2026-05-15
PLN-SEED-01,P0106,MATCH,2026-05,934.41,2026-05-15
PLN-SEED-01,P0106,PRETAX,2026-06,889.45,2026-06-15
PLN-SEED-01,P0106,MATCH,2026-06,365.25,2026-06-15
PLN-SEED-01,P0107,PRETAX,2026-05,4905.48,2026-05-15
PLN-SEED-01,P0107,MATCH,2026-05,3518.14,2026-05-15
PLN-SEED-01,P0107,PRETAX,2026-06,3856.74,2026-06-15
PLN-SEED-01,P0107,MATCH,2026-06,2056.19,2026-06-15
PLN-SEED-01,P0108,PRETAX,2026-05,3956.26,2026-05-15
PLN-SEED-01,P0108,MATCH,2026-05,3115.60,2026-05-15
PLN-SEED-01,P0108,PRETAX,2026-06,3635.28,2026-06-15
PLN-SEED-01,P0108,MATCH,2026-06,3171.86,2026-06-15
PLN-SEED-01,P0109,PRETAX,2026-05,1379.07,2026-05-15
PLN-SEED-01,P0109,MATCH,2026-05,3391.82,2026-05-15
PLN-SEED-01,P0109,PRETAX,2026-06,4832.87,2026-06-15
PLN-SEED-01,P0109,MATCH,2026-06,649.46,2026-06-15
PLN-SEED-01,P0111,PRETAX,2026-05,3347.86,2026-05-15
PLN-SEED-01,P0111,MATCH,2026-05,2660.56,2026-05-15
PLN-SEED-01,P0111,PRETAX,2026-06,640.52,2026-06-15
PLN-SEED-01,P0111,MATCH,2026-06,2678.51,2026-06-15
PLN-SEED-01,P0112,PRETAX,2026-05,3342.48,2026-05-15
PLN-SEED-01,P0112,MATCH,2026-05,1267.60,2026-05-15
PLN-SEED-01,P0112,PRETAX,2026-06,2475.64,2026-06-15
PLN-SEED-01,P0112,MATCH,2026-06,1043.69,2026-06-15
PLN-SEED-01,P0113,PRETAX,2026-05,2654.26,2026-05-15
PLN-SEED-01,P0113,MATCH,2026-05,2401.27,2026-05-15
PLN-SEED-01,P0113,PRETAX,2026-06,1215.80,2026-06-15
PLN-SEED-01,P0113,MATCH,2026-06,3805.80,2026-06-15
PLN-SEED-01,P0114,PRETAX,2026-05,3575.33,2026-05-15
PLN-SEED-01,P0114,MATCH,2026-05,4703.29,2026-05-15
PLN-SEED-01,P0114,PRETAX,2026-06,3695.50,2026-06-15
PLN-SEED-01,P0114,MATCH,2026-06,3923.38,2026-06-15
PLN-SEED-01,P0115,PRETAX,2026-05,3894.85,2026-05-15
PLN-SEED-01,P0115,MATCH,2026-05,1476.12,2026-05-15
PLN-SEED-01,P0115,PRETAX,2026-06,2929.97,2026-06-15
PLN-SEED-01,P0115,MATCH,2026-06,3562.10,2026-06-15
PLN-SEED-01,P0116,PRETAX,2026-05,4044.99,2026-05-15
PLN-SEED-01,P0116,MATCH,2026-05,4707.17,2026-05-15
PLN-SEED-01,P0116,PRETAX,2026-06,2123.72,2026-06-15
PLN-SEED-01,P0116,MATCH,2026-06,1564.75,2026-06-15
PLN-SEED-01,P0117,PRETAX,2026-05,3904.07,2026-05-15
PLN-SEED-01,P0117,MATCH,2026-05,228.99,2026-05-15
PLN-SEED-01,P0117,PRETAX,2026-06,4318.55,2026-06-15
PLN-SEED-01,P0117,MATCH,2026-06,2132.51,2026-06-15
PLN-SEED-01,P0118,PRETAX,2026-05,353.38,2026-05-15
PLN-SEED-01,P0118,MATCH,2026-05,1947.76,2026-05-15
PLN-SEED-01,P0118,PRETAX,2026-06,1076.25,2026-06-15
PLN-SEED-01,P0118,MATCH,2026-06,2351.17,2026-06-15
PLN-SEED-01,P0119,PRETAX,2026-05,3213.84,2026-05-15
PLN-SEED-01,P0119,MATCH,2026-05,4145.60,2026-05-15
PLN-SEED-01,P0119,PRETAX,2026-06,2391.29,2026-06-15
PLN-SEED-01,P0119,MATCH,2026-06,1750.91,2026-06-15
